{"schemaVersion":"1.0","appDefinitionTemplate":{"id":"/providers/Microsoft.PowerApps/apps/","type":"Microsoft.PowerApps/apps","tags":{"primaryDeviceWidth":"640","primaryDeviceHeight":"1136","supportsPortrait":"true","supportsLandscape":"true","primaryFormFactor":"Phone","publisherVersion":"3.22111.28","minimumRequiredApiVersion":"2.2.0","hasComponent":"false","hasUnlockedComponent":"false","isUnifiedRootApp":"false","sienaVersion":"20221208T082927Z-3.22111.28.0"},"properties":{"appVersion":"2022-12-08T08:29:27Z","lifeCycleId":"Published","createdByClientVersion":{"major":3,"minor":22111,"build":28,"revision":0,"majorRevision":0,"minorRevision":0},"minClientVersion":{"major":3,"minor":22111,"build":28,"revision":0,"majorRevision":0,"minorRevision":0},"backgroundColor":"rgba(255, 255, 255, 1)","backgroundImageUri":"/11181661338197339555/N0d577649-32bc-4bc8-9960-1881c3da93cc-logoSmallFile","displayName":"Mood Tracker App","description":"","commitMessage":"","appUris":{"documentUri":{"value":"/11181661338197339555/N28194422-d65e-4cf3-9900-e9fd0e2817ae-document.msapp"},"imageUris":[],"additionalUris":[]},"createdTime":"0001-01-01T00:00:00Z","lastModifiedTime":"0001-01-01T00:00:00Z","sharedGroupsCount":0,"sharedUsersCount":0,"icons":{"smallIconUri":"/11181661338197339555/N0c61e456-97b7-43b3-b7ca-127a7a67f98f-small.png","mediumIconUri":"/11181661338197339555/Ne0089313-2803-4a48-ab1b-ad7e704f0b64-medium.png","largeIconUri":"/11181661338197339555/Nd3b53389-39e8-4414-95ad-dd1d8ebf4ff7-large.png","wideIconUri":"/11181661338197339555/N14afcada-313c-48a1-a51c-03d1f50889a4-wide.png"},"connectionReferences":{},"databaseReferences":{},"almMode":"Solution","performanceOptimizationEnabled":true,"canConsumeAppPass":true,"enableModernRuntimeMode":false,"executionRestrictions":{"isTeamsOnly":false,"dataLossPreventionEvaluationResult":{"status":"Compliant","lastEvaluationDate":"2022-12-06T13:26:45.5954669Z","violations":[],"violationsByPolicy":[],"violationErrorMessage":"The app uses the following connectors: ."}}},"appType":"ClassicCanvasApp","appComponents":[]}}